h,N,ddo_2_hm,mls_2_2
0.2,152,0.08095960354076823,24.54798145139777
0.1,517,0.05661041641818046,13.451704160604898
0.05,1973,0.04184879404039356,6.792131162112043
0.025,7590,0.03041866795335181,4.121174797735339
