h,N,ddo_2_am,ddo_4_am,ddo_2_hm,ddo_4_hm,ddo_2_gm,ddo_4_gm,ddo_2_hi,ddo_4_hi,ddo_2_te,ddo_4_te,ddo_2_st,ddo_4_st,mls_2_2,mls_4_2,mls_4_4
0.2,152,0.11128569939727811,0.107737085555865,0.11830498934841471,0.07912614636013879,0.11199891647240025,0.09032944845371255,0.10510446308505599,0.10253883249937207,0.10914322432550337,0.06485235051468985,0.16448831565860925,0.12117346831375028,0.10997782233524037,0.06358217362136481,0.05328474295356088
0.1,517,0.031053029100096205,0.010433228715287117,0.04375137425764453,0.016252890906854535,0.036704058629054875,0.01045434329773396,0.019720002113583084,0.0043340918244484,0.024441321878941224,0.017317210296997627,0.051619141675305596,0.013672254410257677,0.025275273349410723,0.016510913452839806,0.004470607138438489
0.05,1973,0.00876593784610922,0.0010893972610969348,0.013239418651991932,0.0015117902645622227,0.010228630040452914,0.001257815153834582,0.0037671611783264528,0.0001268229630800896,0.005571170065427764,0.0052834286421935195,0.012518162097259892,0.003954642142408498,0.0057886178534876835,0.005244230904892476,0.0003428635751503815
0.025,7590,0.002309235330586688,6.499761432201644e-5,0.0031446795494918375,9.56139177014981e-5,0.0023164031369685635,6.741506218710353e-5,0.000648784185645313,1.3951760694672924e-5,0.0012563818439178312,0.0014868369135694923,0.003220531161787686,0.0013743231911566023,0.0012233034222730687,0.001485489574031333,2.5356132331637892e-5
0.0125,29982,0.0005314378490398247,3.717384529668864e-6,0.0008253775382457957,7.687398267741981e-6,0.000606811239251423,4.247721138574554e-6,0.00017298412704889527,1.0273660268386807e-6,0.00030677166018970635,0.00035746497379371113,0.0007657203996623941,0.0003522526791978924,0.0002988539357708713,0.00035739501753508465,1.4437005410823426e-6
0.00625,118840,0.00013580689303040842,2.2806433038933346e-7,0.00020718772140146063,4.886882816178938e-7,0.00014975304672818586,2.554551559894479e-7,3.963608888543028e-5,1.2110471766773304e-7,7.542247310955844e-5,9.005689727262742e-5,0.00019850229068303247,8.967514492598122e-5,7.464193347147599e-5,9.005392453184851e-5,9.106912898113796e-8
