h,N,ddo_2_am,ddo_2_hm,ddo_2_gm,ddo_2_hi,ddo_2_te,ddo_2_st,mls_2_2
0.2,152,0.4339485222827577,0.05083554122089108,0.42528160987362035,1.000017617726353,2.0266608927728833,0.9392247633203508,0.8516003763352776
0.1,517,0.20366555487219534,0.03514633637477348,0.20665611173643259,0.431326091496715,0.9095795677110038,0.7727153152675973,0.7129670670574302
0.05,1973,0.07853595858223926,0.02395552504043626,0.07675860980527723,0.5486103804482788,0.8621745249498285,0.6641855263457829,0.6036042141986063
0.025,7590,0.054150579869658606,0.012538384107538913,0.053187475879787616,0.22756558071363656,0.6343382607815854,0.5980053325680973,0.5666470158896303
0.0125,29982,0.03154034717693533,0.005610997255757213,0.032037907838321236,0.14341275548548987,0.6209927403997781,0.5596662103480081,0.5398320039281764
0.00625,118840,0.03573558321572466,0.005264594470247829,0.036390569636080373,0.40836936981644717,0.9997606385844865,0.5413706432907847,0.5297328648238396
